{
	"info": {
		"_postman_id": "c2dc5f03-c6c5-47d1-9bd0-aa1f5fc696d2",
		"name": "VroomNRoom",
		"schema": "https://schema.getpostman.com/json/collection/v2.1.0/collection.json"
	},
	"item": [
		{
			"name": "user",
			"item": [
				{
					"name": "create",
					"request": {
						"auth": {
							"type": "bearer",
							"bearer": [
								{
									"key": "token",
									"value": "{{jwt}}",
									"type": "string"
								}
							]
						},
						"method": "POST",
						"header": [
							{
								"key": "Authorization",
								"value": "Bearer eyJhbGciOiJIUzI1NiIsInR5cCI6IkpXVCJ9.eyJpZCI6MSwiaWF0IjoxNzI1MTA5NzQzLCJleHAiOjE3MjU3MTQ1NDN9.l7ZFLPsHc4P5XUxtJGXHta8s3N5yimRMBTbngjCm6OQ",
								"type": "text",
								"disabled": true
							}
						],
						"body": {
							"mode": "raw",
							"raw": "{\n    \"username\": \"author469\",\n    \"password\": \"password\",\n    \"role\": [\"author\"]\n}  ",
							"options": {
								"raw": {
									"language": "json"
								}
							}
						},
						"url": {
							"raw": "{{url}}/auth/register",
							"host": [
								"{{url}}"
							],
							"path": [
								"auth",
								"register"
							]
						}
					},
					"response": [
						{
							"name": "create",
							"originalRequest": {
								"method": "POST",
								"header": [
									{
										"key": "Authorization",
										"value": "Bearer eyJhbGciOiJIUzI1NiIsInR5cCI6IkpXVCJ9.eyJpZCI6MSwiaWF0IjoxNzI1MTA5NzQzLCJleHAiOjE3MjU3MTQ1NDN9.l7ZFLPsHc4P5XUxtJGXHta8s3N5yimRMBTbngjCm6OQ",
										"type": "text",
										"disabled": true
									}
								],
								"body": {
									"mode": "raw",
									"raw": "{\n    \"username\": \"author469\",\n    \"password\": \"password\",\n    \"role\": [\"author\"]\n}  ",
									"options": {
										"raw": {
											"language": "json"
										}
									}
								},
								"url": {
									"raw": "{{url}}/auth/register",
									"host": [
										"{{url}}"
									],
									"path": [
										"auth",
										"register"
									]
								}
							},
							"status": "Created",
							"code": 201,
							"_postman_previewlanguage": "json",
							"header": [
								{
									"key": "X-Powered-By",
									"value": "Express"
								},
								{
									"key": "Content-Type",
									"value": "application/json; charset=utf-8"
								},
								{
									"key": "Content-Length",
									"value": "248"
								},
								{
									"key": "ETag",
									"value": "W/\"f8-eYM6NMEaVGw4hHpNQDbdol4Lp1o\""
								},
								{
									"key": "Date",
									"value": "Tue, 29 Oct 2024 17:43:02 GMT"
								},
								{
									"key": "Connection",
									"value": "keep-alive"
								},
								{
									"key": "Keep-Alive",
									"value": "timeout=5"
								}
							],
							"cookie": [],
							"body": "{\n    \"message\": \"User created successfully\",\n    \"user\": {\n        \"role\": [\n            \"author\"\n        ],\n        \"id\": 4,\n        \"username\": \"author469\",\n        \"password\": \"$2a$10$XhugrVR.6ZH/X9iBji3oj.R9gdfvnSX1KLq.HKUMJ0z0dYsXdUiUq\",\n        \"updatedAt\": \"2024-10-29T17:43:02.452Z\",\n        \"createdAt\": \"2024-10-29T17:43:02.452Z\"\n    }\n}"
						}
					]
				},
				{
					"name": "update-password",
					"request": {
						"auth": {
							"type": "bearer",
							"bearer": [
								{
									"key": "token",
									"value": "{{jwt}}",
									"type": "string"
								}
							]
						},
						"method": "PUT",
						"header": [],
						"body": {
							"mode": "raw",
							"raw": "{\n    \"newPassword\": \"pussy\"\n}",
							"options": {
								"raw": {
									"language": "json"
								}
							}
						},
						"url": {
							"raw": "{{url}}/auth/update-password/3",
							"host": [
								"{{url}}"
							],
							"path": [
								"auth",
								"update-password",
								"3"
							]
						}
					},
					"response": []
				}
			]
		},
		{
			"name": "auth",
			"item": [
				{
					"name": "login",
					"event": [
						{
							"listen": "test",
							"script": {
								"exec": [
									"pm.environment.set('jwt',pm.response.json().token)"
								],
								"type": "text/javascript"
							}
						}
					],
					"request": {
						"method": "POST",
						"header": [],
						"body": {
							"mode": "raw",
							"raw": "{\n    \"username\": \"admin\",\n    \"password\": \"adminpassword\"\n}",
							"options": {
								"raw": {
									"language": "json"
								}
							}
						},
						"url": {
							"raw": "{{url}}/auth/login",
							"host": [
								"{{url}}"
							],
							"path": [
								"auth",
								"login"
							]
						}
					},
					"response": []
				}
			]
		},
		{
			"name": "Blog",
			"item": [
				{
					"name": "get-all",
					"request": {
						"method": "GET",
						"header": [],
						"url": {
							"raw": "{{url}}/blogs",
							"host": [
								"{{url}}"
							],
							"path": [
								"blogs"
							],
							"query": [
								{
									"key": "limit",
									"value": "1",
									"disabled": true
								},
								{
									"key": "page",
									"value": "1",
									"disabled": true
								},
								{
									"key": "search",
									"value": "up",
									"disabled": true
								},
								{
									"key": "location",
									"value": "ADDIS",
									"disabled": true
								}
							]
						}
					},
					"response": []
				},
				{
					"name": "location",
					"request": {
						"method": "GET",
						"header": [],
						"url": {
							"raw": "{{url}}/blogs/locations",
							"host": [
								"{{url}}"
							],
							"path": [
								"blogs",
								"locations"
							]
						}
					},
					"response": []
				},
				{
					"name": "create",
					"request": {
						"auth": {
							"type": "bearer",
							"bearer": [
								{
									"key": "token",
									"value": "{{jwt}}",
									"type": "string"
								}
							]
						},
						"method": "POST",
						"header": [
							{
								"key": "Authorization",
								"value": "Bearer eyJhbGciOiJIUzI1NiIsInR5cCI6IkpXVCJ9.eyJpZCI6MSwiaWF0IjoxNzI1MDE5MjI0LCJleHAiOjE3MjU2MjQwMjR9.jcRa_GlkINj1t_qcpaRH1f8-tMltbxI5WxPpKLj3cPg",
								"type": "text",
								"disabled": true
							}
						],
						"body": {
							"mode": "raw",
							"raw": "{\n    \"title\": \"TITLE 1\",\n    \"body\": \"BODY\",\n    \"thumbnail\": \"\",\n    \"location\": \"ADDIS\"\n}",
							"options": {
								"raw": {
									"language": "json"
								}
							}
						},
						"url": {
							"raw": "{{url}}/blogs",
							"host": [
								"{{url}}"
							],
							"path": [
								"blogs"
							]
						}
					},
					"response": []
				},
				{
					"name": "upload-thumbnail",
					"request": {
						"method": "POST",
						"header": [
							{
								"key": "Authorization",
								"value": "Bearer eyJhbGciOiJIUzI1NiIsInR5cCI6IkpXVCJ9.eyJpZCI6MSwiaWF0IjoxNzI1MDE5MjI0LCJleHAiOjE3MjU2MjQwMjR9.jcRa_GlkINj1t_qcpaRH1f8-tMltbxI5WxPpKLj3cPg",
								"type": "text"
							}
						],
						"body": {
							"mode": "formdata",
							"formdata": [
								{
									"key": "files",
									"type": "file",
									"src": "/home/ultron/Pictures/kapil.png"
								}
							]
						},
						"url": {
							"raw": "http://localhost:3000/blog/upload",
							"protocol": "http",
							"host": [
								"localhost"
							],
							"port": "3000",
							"path": [
								"blog",
								"upload"
							]
						}
					},
					"response": []
				},
				{
					"name": "delete",
					"request": {
						"auth": {
							"type": "bearer",
							"bearer": [
								{
									"key": "token",
									"value": "{{jwt}}",
									"type": "string"
								}
							]
						},
						"method": "DELETE",
						"header": [
							{
								"key": "Authorization",
								"value": "Bearer eyJhbGciOiJIUzI1NiIsInR5cCI6IkpXVCJ9.eyJpZCI6MSwiaWF0IjoxNzI1MDE5MjI0LCJleHAiOjE3MjU2MjQwMjR9.jcRa_GlkINj1t_qcpaRH1f8-tMltbxI5WxPpKLj3cPg",
								"type": "text",
								"disabled": true
							}
						],
						"url": {
							"raw": "{{url}}/blogs/3",
							"host": [
								"{{url}}"
							],
							"path": [
								"blogs",
								"3"
							],
							"query": [
								{
									"key": "id",
									"value": "2",
									"disabled": true
								}
							]
						}
					},
					"response": []
				},
				{
					"name": "update",
					"request": {
						"auth": {
							"type": "bearer",
							"bearer": [
								{
									"key": "token",
									"value": "{{jwt}}",
									"type": "string"
								}
							]
						},
						"method": "PUT",
						"header": [
							{
								"key": "Authorization",
								"value": "Bearer eyJhbGciOiJIUzI1NiIsInR5cCI6IkpXVCJ9.eyJpZCI6MSwiaWF0IjoxNzI1MDE5MjI0LCJleHAiOjE3MjU2MjQwMjR9.jcRa_GlkINj1t_qcpaRH1f8-tMltbxI5WxPpKLj3cPg",
								"type": "text",
								"disabled": true
							}
						],
						"body": {
							"mode": "raw",
							"raw": "{\n    \"title\": \"UPDATED\"\n}",
							"options": {
								"raw": {
									"language": "json"
								}
							}
						},
						"url": {
							"raw": "{{url}}/blogs/1",
							"host": [
								"{{url}}"
							],
							"path": [
								"blogs",
								"1"
							],
							"query": [
								{
									"key": "id",
									"value": "3",
									"disabled": true
								}
							]
						}
					},
					"response": []
				},
				{
					"name": "getone",
					"request": {
						"method": "GET",
						"header": [],
						"url": {
							"raw": "{{url}}/blogs/1",
							"host": [
								"{{url}}"
							],
							"path": [
								"blogs",
								"1"
							]
						}
					},
					"response": []
				}
			]
		},
		{
			"name": "upload",
			"request": {
				"auth": {
					"type": "bearer",
					"bearer": [
						{
							"key": "token",
							"value": "{{jwt}}",
							"type": "string"
						}
					]
				},
				"method": "POST",
				"header": [],
				"body": {
					"mode": "formdata",
					"formdata": [
						{
							"key": "media",
							"type": "file",
							"src": "/home/ultron/Pictures/Pasted image.png"
						},
						{
							"key": "username",
							"value": "admin",
							"type": "text",
							"disabled": true
						},
						{
							"key": "password",
							"value": "password",
							"type": "text",
							"disabled": true
						}
					]
				},
				"url": {
					"raw": "{{url}}/upload",
					"host": [
						"{{url}}"
					],
					"path": [
						"upload"
					]
				}
			},
			"response": [
				{
					"name": "upload",
					"originalRequest": {
						"method": "POST",
						"header": [],
						"body": {
							"mode": "formdata",
							"formdata": [
								{
									"key": "media",
									"type": "file",
									"src": "/home/ultron/Pictures/Pasted image.png"
								},
								{
									"key": "username",
									"value": "admin",
									"type": "text",
									"disabled": true
								},
								{
									"key": "password",
									"value": "password",
									"type": "text",
									"disabled": true
								}
							]
						},
						"url": {
							"raw": "{{url}}/upload",
							"host": [
								"{{url}}"
							],
							"path": [
								"upload"
							]
						}
					},
					"status": "OK",
					"code": 200,
					"_postman_previewlanguage": "json",
					"header": [
						{
							"key": "X-Powered-By",
							"value": "Express"
						},
						{
							"key": "Content-Type",
							"value": "application/json; charset=utf-8"
						},
						{
							"key": "Content-Length",
							"value": "314"
						},
						{
							"key": "ETag",
							"value": "W/\"13a-6RIS2/C/8nvpPeOghZlxBN4Rp8s\""
						},
						{
							"key": "Date",
							"value": "Tue, 29 Oct 2024 17:41:10 GMT"
						},
						{
							"key": "Connection",
							"value": "keep-alive"
						},
						{
							"key": "Keep-Alive",
							"value": "timeout=5"
						}
					],
					"cookie": [],
					"body": "{\n    \"message\": \"Media uploaded successfully\",\n    \"filePath\": [\n        {\n            \"fieldname\": \"media\",\n            \"originalname\": \"Pasted image.png\",\n            \"encoding\": \"7bit\",\n            \"mimetype\": \"image/png\",\n            \"destination\": \"../public_html/media\",\n            \"filename\": \"media-1730223670487-278432011.png\",\n            \"path\": \"../public_html/media/media-1730223670487-278432011.png\",\n            \"size\": 1518578\n        }\n    ]\n}"
				}
			]
		}
	]
}